0,17,22,24,504,21
0,19,22,24,504,20
0,19,22,24,504,20
0,18,22,24,504,20
0,18,22,24,504,20
0,16,22,24,504,20
0,16,22,24,504,20
0,13,22,24,504,20
0,13,22,24,504,20
0,11,22,24,504,20
0,11,22,24,504,20
0,11,22,24,504,20
0,9,22,24,504,20
0,9,22,24,504,20
0,7,22,24,504,20
0,7,22,24,504,20
0,5,22,23,504,20
0,5,22,23,504,20
0,3,22,23,504,21
0,3,22,23,504,21
0,1,22,23,504,21
0,1,22,23,504,21
0,0,22,23,506,20
0,0,22,23,506,20
0,0,22,23,506,20
0,0,22,23,506,20
0,0,22,23,506,20
0,0,23,24,506,20
0,0,23,24,506,20
0,0,23,24,506,20
0,0,23,24,506,20
0,0,23,24,505,20
0,0,23,24,505,20
0,0,23,24,504,20
0,0,23,24,504,20
0,0,23,24,504,20
0,0,23,24,504,20
0,0,23,24,504,20
0,0,23,24,504,20
0,0,23,23,504,20
0,0,23,23,504,20
0,0,23,23,504,20
0,0,23,23,504,20
0,0,23,23,504,20
0,0,23,23,503,20
0,0,23,23,503,20
0,0,23,23,503,20
0,0,23,23,503,20
0,-2,23,24,503,20
0,-2,23,24,503,20
0,-3,23,24,503,20
0,-3,23,24,503,20
0,-3,23,24,503,20
0,-3,22,24,503,20
0,-1,22,24,503,20
0,-1,22,24,503,20
0,-1,22,24,503,20
0,0,22,24,503,20
0,0,22,24,503,20
0,0,22,24,503,20
0,0,22,24,503,20
0,0,22,24,502,20
0,0,22,24,502,20
0,0,22,24,502,20
0,0,22,24,502,20
0,0,22,24,502,21
0,0,22,24,502,21
0,0,22,24,502,21
0,0,22,24,502,21
0,0,22,23,503,21
0,0,22,23,503,21
0,0,21,23,504,20
0,0,21,23,504,20
0,0,21,23,505,20
0,0,21,23,505,20
0,0,21,23,505,20
0,0,22,23,506,20
0,0,22,23,506,20
-1,0,22,23,506,20
-1,0,22,23,506,20
-1,0,22,23,508,20
-1,0,22,23,508,20
-1,0,21,23,509,20
-1,0,21,23,509,20
-1,0,21,23,509,20
0,0,21,24,509,20
0,0,21,24,509,20
0,0,22,24,509,21
0,0,22,24,509,21
0,0,22,24,509,21
0,0,22,24,509,21
0,0,21,24,509,21
0,0,21,24,509,21
0,0,22,24,509,20
0,0,22,24,509,20
0,0,21,24,509,20
0,0,21,24,509,20
0,0,21,24,509,21
0,0,21,24,509,21
0,0,21,24,509,21
0,0,21,24,509,21
0,0,21,24,509,21
0,0,21,24,508,21
0,0,21,24,508,21
0,0,21,24,508,21
0,0,21,24,508,21
0,0,21,24,508,21
0,0,21,24,508,21
0,0,21,24,509,21
0,0,21,24,509,21
0,0,21,24,509,21
0,0,21,24,509,21
0,0,21,24,509,21
0,0,21,24,509,21
0,0,21,24,509,20
0,0,21,24,509,20
0,0,21,24,510,20
0,0,21,24,510,20
0,0,21,24,510,20
0,0,20,24,511,20
0,0,20,24,511,20
0,0,20,24,511,20
0,0,20,24,511,20
0,0,20,24,512,20
0,0,20,24,512,20
0,0,20,24,513,20
0,0,20,24,513,20
0,0,20,24,514,20
0,0,20,24,514,20
0,0,20,24,514,20
-1,0,20,24,514,21
-1,0,20,24,514,21
-2,0,20,24,514,21
-2,0,20,24,514,21
-2,0,21,24,513,21
-2,0,21,24,513,21
-1,0,21,24,512,21
-1,0,21,24,512,21
0,0,21,24,512,21
0,0,21,24,512,21
0,0,21,24,512,21
0,0,21,24,512,21
0,0,21,24,512,21
0,0,21,24,512,21
0,0,21,24,512,21
0,0,21,24,512,21
0,0,21,24,512,21
0,0,21,24,512,20
0,0,21,24,512,20
0,0,21,24,511,20
0,0,21,24,511,20
0,0,21,24,510,20
0,0,21,24,510,20
0,0,21,24,510,20
0,0,21,24,510,20
0,0,21,24,510,20
0,0,21,24,510,20
0,0,21,24,510,20
0,0,21,24,510,20
0,0,21,24,510,20
0,0,21,24,510,20
0,0,21,24,510,20
0,0,21,24,510,20
0,0,21,24,510,20
0,0,21,24,510,20
0,0,21,24,510,20
0,0,21,24,510,20
0,0,22,24,510,20
0,0,22,24,510,20
0,0,22,24,510,21
0,0,22,24,510,21
0,0,22,24,510,21
0,0,22,24,510,21
0,0,22,23,510,20
0,0,22,23,510,20
0,0,22,23,510,20
0,0,22,23,510,20
0,0,22,23,510,20
0,0,22,23,510,20
0,0,22,23,510,20
0,0,22,23,510,21
0,0,22,23,510,21
0,-2,22,22,510,21
0,-2,22,22,510,21
0,-4,22,22,510,21
0,-4,22,22,510,21
0,-6,22,22,510,21
0,-6,22,22,510,21
0,-6,22,21,510,21
0,-6,22,21,510,21
0,-6,22,21,510,21
0,-6,22,21,510,21
0,-6,22,21,510,21
0,-6,21,20,510,21
0,-6,21,20,510,21
0,-6,21,20,510,21
0,-6,21,20,510,21
0,-6,21,20,510,21
0,-6,21,20,510,21
0,-6,22,19,511,21
0,-6,22,19,511,21
0,-6,22,19,511,21
0,-6,22,19,511,21
0,-6,21,19,512,21
0,-6,21,19,512,21
0,-6,21,19,512,21
0,-6,21,18,512,20
0,-6,21,18,512,20
0,-6,21,18,512,20
0,-6,21,18,512,20
0,-8,21,17,512,20
0,-8,21,17,512,20
0,-10,21,17,512,21
0,-10,21,17,512,21
0,-12,21,17,513,21
0,-12,21,17,513,21
0,-12,21,17,513,21
0,-14,22,16,513,21
0,-14,22,16,513,21
0,-15,22,16,513,21
0,-15,22,16,513,21
0,-15,21,16,513,21
0,-15,21,16,513,21
0,-15,22,15,514,21
0,-15,22,15,514,21
1,-17,21,15,514,21
1,-17,21,15,514,21
3,-20,21,15,514,21
3,-20,21,15,514,21
5,-22,21,15,514,21
5,-22,21,15,514,21
6,-22,22,14,515,21
6,-22,22,14,515,21
7,-22,21,14,515,21
7,-22,21,14,515,21
6,-20,21,14,515,21
6,-20,21,14,515,21
6,-20,21,14,515,21
4,-18,21,14,515,21
4,-18,21,14,515,21
2,-16,21,14,515,21
2,-16,21,14,515,21
0,-14,21,13,515,21
0,-14,21,13,515,21
0,-12,21,13,514,21
0,-12,21,13,514,21
0,-12,21,13,514,21
0,-10,21,13,514,21
0,-10,21,13,514,21
0,-8,21,12,514,21
0,-8,21,12,514,21
0,-6,21,12,514,21
0,-6,21,12,514,21
0,-6,21,12,514,21
0,-6,21,12,514,21
0,-6,21,12,514,21
0,-6,21,12,514,21
0,-6,21,11,514,21
0,-6,21,11,514,21
0,-8,21,11,514,21
0,-8,21,11,514,21
0,-8,21,11,514,21
0,-8,21,11,514,21
0,-8,21,11,514,21
0,-8,22,10,515,21
0,-8,22,10,515,21
0,-8,21,9,516,21
0,-8,21,9,516,21
0,-9,21,9,516,21
0,-9,21,9,516,21
0,-11,21,9,517,21
0,-11,21,9,517,21
0,-13,21,9,517,21
0,-13,21,9,517,21
-1,-15,21,8,517,21
-1,-15,21,8,517,21
-2,-15,21,8,517,21
-2,-15,21,8,517,21
-2,-14,22,8,518,21
-2,-14,22,8,518,21
-2,-12,21,8,518,21
-2,-12,21,8,518,21
-2,-12,21,8,518,21
-1,-10,21,8,518,21
-1,-10,21,8,518,21
-1,-8,21,7,518,21
-1,-8,21,7,518,21
-1,-6,21,7,518,21
-1,-6,21,7,518,21
-2,-6,21,6,518,21
-2,-6,21,6,518,21
-4,-6,21,6,518,21
-4,-6,21,6,518,21
-4,-6,21,6,518,21
-4,-6,21,6,518,21
-4,-6,21,6,518,21
-4,-6,21,5,517,21
-2,-6,21,5,517,21
-2,-6,21,5,517,21
-2,-6,21,5,517,21
0,-6,21,4,516,21
0,-6,21,4,516,21
0,-6,21,4,516,21
0,-6,21,4,516,21
0,-6,21,4,516,21
0,-6,21,4,516,21
0,-6,21,3,516,21
0,-6,21,3,516,21
0,-6,21,3,516,21
0,-6,21,3,516,21
0,-6,21,2,516,21
0,-6,21,2,516,21
0,-6,21,2,516,21
0,-6,21,2,516,21
0,-6,21,2,516,21
0,-6,21,2,516,21
0,-6,21,2,516,21
0,-6,21,2,516,21
0,-6,21,2,516,21
0,-6,21,2,516,21
0,-6,21,2,516,21
0,-6,21,1,516,21
0,-6,21,1,516,21
0,-6,21,1,516,21
0,-6,21,1,516,21
0,-6,21,1,516,21
0,-6,21,1,516,21
0,-6,21,1,516,21
0,-6,21,1,516,21
0,-6,21,1,516,21
0,-6,21,0,517,21
0,-6,21,0,517,21
0,-6,20,0,517,21
0,-6,20,0,517,21
0,-6,20,0,517,21
0,-8,21,0,518,21
0,-8,21,0,518,21
0,-9,21,0,518,21
0,-9,21,0,518,21
0,-9,21,0,518,21
0,-9,21,0,518,21
0,-9,21,-1,518,21
0,-9,21,-1,518,21
0,-9,21,-1,518,21
0,-9,21,-1,518,21
0,-9,21,-1,518,21
0,-9,21,-1,518,21
0,-9,21,-1,518,21
0,-9,21,-1,518,21
0,-9,21,-1,518,21
0,-9,21,-1,518,21
0,-9,21,-1,518,21
0,-9,21,-1,518,21
0,-9,21,-1,518,21
0,-8,21,-2,518,21
0,-8,21,-2,518,21
0,-6,21,-2,518,21
0,-6,21,-2,518,21
0,-6,21,-2,518,21
0,-6,21,-2,518,21
0,-6,21,-2,518,21
0,-6,21,-2,518,21
0,-6,21,-2,518,21
0,-6,21,-3,518,21
0,-6,21,-3,518,21
0,-6,21,-3,518,21
0,-6,21,-3,518,21
0,-7,21,-3,518,21
0,-7,21,-3,518,21
0,-7,21,-3,518,21
0,-9,21,-3,518,21
0,-9,21,-3,518,21
0,-9,21,-3,517,21
0,-9,21,-3,517,21
0,-9,21,-3,517,21
0,-9,21,-3,517,21
0,-8,21,-3,517,21
0,-8,21,-3,517,21
0,-6,21,-3,517,21
0,-6,21,-3,517,21
0,-4,21,-3,517,21
0,-4,21,-3,517,21
0,-4,21,-3,517,21
0,-2,21,-3,517,21
0,-2,21,-3,517,21
0,0,21,-3,517,21
0,0,21,-3,517,21
0,0,21,-3,517,21
0,0,21,-3,517,21
0,0,21,-3,517,21
0,0,21,-3,517,21
0,0,21,-3,517,21
0,0,21,-3,517,21
0,0,21,-3,517,21
0,0,21,-3,517,21
0,0,21,-3,517,21
0,0,21,-3,517,21
0,0,21,-3,517,21
0,0,21,-3,517,21
0,0,21,-3,517,21
0,0,21,-3,517,21
0,0,21,-3,517,21
0,0,21,-3,517,21
0,0,21,-3,517,21
0,0,21,-3,517,21
0,0,21,-3,517,21
0,0,21,-3,517,21
0,0,21,-3,517,21
0,0,21,-3,517,21
0,0,21,-3,517,21
0,0,21,-3,517,21
0,0,21,-3,517,21
0,0,21,-3,517,21
0,0,21,-3,517,21
0,0,21,-3,517,21
0,0,21,-3,518,21
0,0,21,-3,518,21
0,0,21,-3,518,21
0,0,21,-3,518,21
0,0,21,-3,518,21
0,0,21,-3,518,21
0,0,21,-3,518,21
0,0,21,-3,518,21
0,0,21,-3,518,21
0,0,21,-3,518,21
0,0,21,-3,518,21
0,0,21,-3,519,21
0,0,21,-3,519,21
0,0,21,-3,519,21
0,0,20,-3,519,21
0,0,20,-3,519,21
0,0,20,-3,519,21
0,0,20,-3,519,21
0,0,20,-3,519,21
0,0,20,-3,519,21
0,0,20,-3,519,21
0,0,20,-3,519,21
0,0,20,-3,519,21
0,0,20,-3,519,21
0,0,20,-3,519,21
0,0,20,-3,519,21
0,0,20,-3,519,21
0,0,20,-3,519,21
0,0,20,-3,519,21
0,0,20,-3,519,21
0,0,20,-3,519,21
0,0,19,-2,519,21
0,0,19,-2,519,21
0,0,19,-2,519,21
0,0,19,-2,519,21
0,0,18,-2,519,21
0,0,18,-2,519,21
0,0,18,-2,519,21
0,0,18,-2,519,21
0,0,18,-2,519,21
0,0,18,-2,519,21
0,0,18,-2,519,21
0,0,17,-2,519,21
0,0,17,-2,519,21
0,0,17,-2,519,21
0,0,17,-2,519,21
0,0,17,-2,519,21
-1,0,17,-2,519,21
-1,0,17,-2,519,21
-4,0,16,-2,519,21
-4,0,16,-2,519,21
-9,0,16,-2,519,21
-9,0,16,-2,519,21
-16,0,16,-1,520,21
-16,0,16,-1,520,21
-22,0,16,-1,520,21
-22,0,16,-1,520,21
-28,0,15,-3,520,21
-28,0,15,-3,520,21
-32,1,16,-2,520,21
-32,1,16,-2,520,21
-32,1,16,-2,520,21
-31,4,16,-2,520,21
-31,4,16,-2,520,21
-28,8,14,-2,520,21
-28,8,14,-2,520,21
-24,13,14,-2,520,21
-24,13,14,-2,520,21
-20,16,13,-3,520,21
-20,16,13,-3,520,21
-20,16,13,-3,520,21
-18,17,14,-3,519,21
-18,17,14,-3,519,21
-16,16,14,-3,519,21
-16,16,14,-3,519,21
-14,13,13,-3,518,21
-14,13,13,-3,518,21
-12,11,13,-3,518,21
-12,11,13,-3,518,21
-8,9,12,-3,518,21
-8,9,12,-3,518,21
-4,7,12,-3,518,21
-4,7,12,-3,518,21
-2,5,12,-3,518,21
-2,5,12,-3,518,21
-2,5,12,-3,518,21
-1,3,10,-4,518,21
-1,1,10,-4,518,21
-1,1,10,-4,518,21
-1,1,10,-4,518,21
-1,0,9,-3,517,21
-1,0,9,-3,517,21
-1,0,9,-4,517,21
-1,0,9,-4,517,21
-1,0,9,-4,517,21
-1,0,9,-4,517,21
-1,0,9,-4,517,21
-1,0,9,-4,517,21
-1,0,9,-4,517,21
-1,-2,9,-4,517,21
-1,-2,9,-4,517,21
-1,-4,8,-4,517,21
-1,-4,8,-4,517,21
-1,-6,8,-4,517,21
-1,-6,8,-4,517,21
-1,-7,8,-4,517,21
-1,-7,8,-4,517,21
-1,-6,6,-3,517,21
-1,-6,6,-3,517,21
-1,-6,6,-3,517,21
-1,-4,6,-3,517,21
-2,-2,6,-4,517,21
-2,-2,6,-4,517,21
-2,-2,6,-4,517,21
-4,0,6,-4,517,21
-4,0,6,-4,517,21
-8,0,6,-4,517,21
-8,0,6,-4,517,21
-12,1,4,-3,517,21
-12,1,4,-3,517,21
-14,3,4,-3,517,21
-14,3,4,-3,517,21
-14,3,4,-3,517,21
-14,3,4,-3,517,21
-14,3,4,-3,517,21
-12,3,3,-3,517,21
-12,3,3,-3,517,21
-12,2,3,-3,517,21
-12,2,3,-3,517,21
-13,1,1,-4,516,21
-13,1,1,-4,516,21
-16,0,1,-4,516,21
-16,0,1,-4,516,21
-21,0,1,-3,515,21
-21,0,1,-3,515,21
-26,0,1,-4,516,21
-26,0,1,-4,516,21
-29,0,0,-4,516,21
-29,0,0,-4,516,21
-29,-2,0,-4,515,21
-29,-2,0,-4,515,21
-28,-5,0,-4,515,21
-28,-5,0,-4,515,21
-26,-7,-2,-3,516,21
-26,-7,-2,-3,516,21
-26,-7,-2,-3,516,21
-24,-8,-2,-4,515,21
-24,-8,-2,-4,515,21
-22,-8,-3,-4,515,21
-22,-8,-3,-4,515,21
-20,-8,-3,-3,515,21
-20,-8,-3,-3,515,21
-18,-8,-3,-3,515,21
-18,-8,-3,-3,515,21
-17,-6,-5,-4,515,21
-17,-6,-5,-4,515,21
-17,-4,-5,-4,514,20
-17,-4,-5,-4,514,20
-17,-2,-6,-4,514,20
-17,-2,-6,-4,514,20
-17,0,-6,-4,514,20
-17,0,-6,-4,514,20
-17,0,-6,-4,514,21
-17,0,-6,-4,514,21
-16,0,-6,-4,514,21
-16,0,-6,-4,514,21
-16,0,-6,-4,514,21
-14,0,-7,-4,514,21
-14,0,-7,-4,514,21
-14,0,-7,-4,514,21
-14,0,-7,-4,514,21
-14,0,-7,-4,514,21
-14,0,-7,-4,514,21
-14,0,-7,-4,514,21
-14,0,-7,-4,514,21
-14,0,-8,-4,514,21
-14,0,-8,-4,514,21
-14,0,-8,-4,514,21
-14,0,-8,-4,514,21
-14,0,-8,-4,514,21
-13,0,-9,-4,514,21
-13,0,-9,-4,514,21
-11,0,-10,-4,514,21
-11,0,-10,-4,514,21
-11,0,-10,-4,514,21
-11,0,-10,-4,514,21
-11,0,-10,-4,513,21
-11,0,-10,-4,513,21
-11,0,-10,-4,513,21
-13,0,-10,-4,514,21
-13,0,-10,-4,514,21
-14,0,-11,-4,514,21
-14,0,-11,-4,514,21
-14,0,-11,-4,515,21
-14,0,-11,-4,515,21
-14,0,-11,-4,515,21
-14,0,-11,-4,515,21
-13,0,-12,-5,515,21
-13,0,-12,-5,515,21
-11,0,-12,-5,515,21
-11,0,-12,-5,515,21
-11,0,-13,-5,514,21
-11,0,-13,-5,514,21
-11,0,-13,-5,514,21
-11,0,-13,-4,514,21
-11,0,-13,-4,514,21
-11,0,-13,-4,514,21
-11,0,-13,-4,514,21
-10,0,-13,-4,514,21
-10,0,-13,-4,514,21
-8,0,-13,-4,514,21
-8,0,-13,-4,514,21
-6,0,-13,-4,513,21
-6,0,-13,-4,513,21
-4,0,-13,-4,512,21
-4,0,-13,-4,512,21
-4,0,-13,-4,512,21
-2,1,-13,-4,512,21
-2,1,-13,-4,512,21
0,1,-13,-4,512,21
0,1,-13,-4,512,21
0,1,-13,-4,512,21
0,1,-13,-4,512,21
0,0,-13,-4,512,21
0,0,-13,-4,512,21
0,0,-13,-4,512,21
0,0,-13,-4,512,21
0,0,-13,-4,512,21
0,0,-13,-4,512,21
0,0,-13,-4,512,21
0,0,-13,-4,512,21
0,0,-13,-4,512,21
0,0,-13,-4,512,21
0,0,-13,-4,512,21
0,0,-13,-5,512,21
0,0,-13,-5,512,21
0,0,-13,-4,511,21
0,0,-13,-4,511,21
0,0,-13,-4,511,21
0,0,-13,-4,511,21
0,0,-13,-4,511,21
0,0,-13,-4,511,21
0,0,-13,-4,511,21
0,0,-13,-4,511,21
0,0,-13,-4,511,21
0,0,-13,-4,511,21
0,0,-13,-4,511,21
0,2,-13,-4,511,21
0,2,-13,-4,511,21
0,2,-13,-4,511,21
0,2,-13,-4,511,21
0,2,-13,-4,511,21
0,2,-13,-4,511,21
0,2,-13,-4,511,21
0,1,-13,-4,511,21
0,0,-13,-4,511,21
0,0,-13,-4,511,21
0,0,-13,-4,511,21
0,0,-13,-5,511,21
0,0,-13,-5,511,21
0,0,-13,-5,511,21
0,0,-13,-5,511,21
0,0,-13,-5,511,21
0,0,-13,-5,511,21
0,0,-13,-5,511,21
0,0,-13,-5,511,21
0,0,-13,-5,511,21
0,0,-13,-5,511,21
0,0,-13,-5,511,21
0,0,-13,-5,511,21
0,0,-13,-5,511,21
0,-1,-13,-5,511,21
0,-1,-13,-5,511,21
0,-1,-13,-4,511,21
0,-1,-13,-4,511,21
0,-1,-13,-4,511,21
0,-1,-13,-4,511,21
0,0,-13,-4,512,21
0,0,-13,-4,512,21
0,0,-13,-4,512,21
0,0,-13,-4,511,21
0,0,-13,-4,511,21
0,0,-13,-4,511,21
0,0,-13,-4,511,21
0,0,-13,-3,511,21
0,0,-13,-3,511,21
0,0,-13,-3,511,21
0,0,-13,-3,511,21
0,0,-12,-1,511,21
0,0,-12,-1,511,21
0,0,-12,-1,512,21
0,0,-12,-1,512,21
0,0,-12,-1,512,21
0,0,-12,-1,512,21
0,0,-12,-1,512,21
0,2,-13,0,512,21
0,2,-13,0,512,21
0,4,-12,0,513,21
0,4,-12,0,513,21
0,6,-12,0,513,21
0,6,-12,0,513,21
0,6,-12,0,513,21
0,7,-12,0,513,21
0,7,-12,0,513,21
1,7,-12,0,513,21
1,7,-12,0,513,21
2,6,-12,0,513,21
2,6,-12,0,513,21
3,4,-12,0,512,21
3,4,-12,0,512,21
3,2,-12,0,512,21
3,2,-12,0,512,21
3,0,-12,1,512,21
3,0,-12,1,512,21
1,0,-12,1,512,21
1,0,-12,1,512,21
1,0,-12,1,512,21
0,1,-12,1,512,21
0,1,-12,1,512,21
0,3,-12,1,511,21
0,3,-12,1,511,21
0,5,-12,1,511,21
0,5,-12,1,511,21
0,7,-11,1,512,21
0,7,-11,1,512,21
0,7,-11,1,512,21
0,7,-11,1,512,21
0,7,-12,2,512,21
0,7,-12,2,512,21
1,5,-12,2,513,21
1,5,-12,2,513,21
1,5,-12,2,513,21
2,5,-12,3,513,21
2,5,-12,3,513,21
2,5,-12,3,513,21
2,5,-12,3,513,21
2,5,-12,3,513,21
2,5,-12,3,513,21
1,5,-12,4,513,21
1,5,-12,4,513,21
1,5,-12,4,513,21
0,5,-12,4,514,21
0,5,-12,4,514,21
0,5,-12,5,515,21
0,5,-12,5,515,21
0,5,-11,5,515,21
0,5,-11,5,515,21
0,5,-11,5,515,21
0,5,-11,5,515,21
0,5,-11,5,515,21
0,5,-12,6,515,21
0,5,-12,6,515,21
2,5,-12,6,515,21
2,5,-12,6,515,21
2,5,-12,7,515,21
2,5,-12,7,515,21
2,5,-13,8,515,21
2,5,-13,8,515,21
1,6,-13,8,515,21
1,6,-13,8,515,21
1,6,-13,8,515,21
0,10,-12,8,515,21
0,10,-12,8,515,21
0,13,-13,9,516,21
0,13,-13,9,516,21
0,17,-13,9,516,21
0,17,-13,9,516,21
0,21,-12,9,516,21
0,21,-12,9,516,21
0,24,-12,9,516,21
0,24,-12,9,516,21
0,24,-12,9,516,21
0,24,-13,10,516,21
0,24,-13,10,516,21
0,22,-12,10,516,21
0,22,-12,10,516,21
0,20,-12,11,516,21
0,20,-12,11,516,21
0,18,-12,11,517,21
0,18,-12,11,517,21
0,16,-12,11,517,21
0,16,-12,11,517,21
0,14,-13,12,517,21
0,14,-13,12,517,21
1,12,-12,12,517,21
1,12,-12,12,517,21
1,11,-12,14,518,21
1,11,-12,14,518,21
1,11,-12,14,518,21
2,11,-13,14,518,21
2,11,-13,14,518,21
2,11,-13,14,518,21
2,11,-13,14,518,21
1,11,-12,14,518,21
1,11,-12,14,518,21
0,11,-12,14,518,21
0,11,-12,14,518,21
0,11,-12,14,518,21
0,11,-12,14,518,21
0,9,-11,15,517,21
0,9,-11,15,517,21
0,8,-11,15,517,21
0,8,-11,15,517,21
0,8,-11,15,517,21
0,8,-11,15,517,21
0,8,-11,15,517,21
1,8,-12,16,517,21
1,8,-12,16,517,21
1,10,-11,16,518,21
1,10,-11,16,518,21
1,14,-12,17,518,21
1,14,-12,17,518,21
0,18,-12,17,518,21
0,18,-12,17,518,21
0,22,-12,17,518,21
0,22,-12,17,518,21
0,22,-12,17,518,21
0,24,-12,18,517,21
0,24,-12,18,517,21
0,26,-12,18,517,21
0,26,-12,18,517,21
0,28,-12,18,517,21
0,28,-12,18,517,21
-1,28,-12,18,517,21
-1,28,-12,18,517,21
-1,28,-12,18,517,21
-1,26,-12,19,516,21
-1,24,-12,19,516,21
-1,24,-12,19,516,21
-1,24,-12,19,516,21
0,22,-13,19,517,21
0,22,-13,19,517,21
0,20,-13,20,517,21
0,20,-13,20,517,21
0,18,-13,20,517,21
0,18,-13,20,517,21
0,16,-12,20,516,21
0,16,-12,20,516,21
0,16,-12,20,516,21
0,15,-12,20,516,21
0,15,-12,20,516,21
0,15,-13,20,517,21
0,15,-13,20,517,21
0,15,-13,20,517,21
0,15,-13,20,517,21
0,13,-13,20,517,21
0,13,-13,20,517,21
0,11,-12,20,517,21
0,11,-12,20,517,21
0,9,-12,21,516,21
0,9,-12,21,516,21
0,9,-12,21,516,21
0,9,-13,21,517,21
0,9,-13,21,517,21
0,9,-12,22,517,21
0,9,-12,22,517,21
0,9,-12,22,517,20
0,9,-12,22,517,20
0,10,-13,21,517,20
0,10,-13,21,517,20
0,12,-12,22,517,20
0,12,-12,22,517,20
0,14,-12,21,517,20
0,14,-12,21,517,20
1,16,-12,21,517,20
1,16,-12,21,517,20
1,16,-12,21,517,20
3,17,-12,21,517,21
3,17,-12,21,517,21
5,16,-12,21,517,21
5,16,-12,21,517,21
6,14,-13,22,517,21
6,14,-13,22,517,21
5,12,-13,22,517,21
5,12,-13,22,517,21
3,12,-13,22,517,21
3,12,-13,22,517,21
1,12,-13,22,517,21
1,12,-13,22,517,21
1,12,-13,22,517,21
0,12,-13,22,517,21
0,12,-13,22,517,21
0,11,-12,22,517,21
0,11,-12,22,517,21
0,9,-13,23,516,21
0,9,-13,23,516,21
0,7,-13,23,515,21
0,7,-13,23,515,21
0,5,-13,23,515,21
0,5,-13,23,515,21
0,5,-13,23,515,21
0,5,-13,23,515,21
0,5,-13,23,515,21
0,5,-13,23,515,21
0,5,-13,23,515,21
0,5,-13,23,514,21
0,5,-13,23,514,21
0,3,-13,23,514,21
0,3,-13,23,514,21
0,1,-13,23,514,21
0,1,-13,23,514,21
0,0,-13,23,514,21
0,0,-13,23,514,21
0,0,-13,23,514,20
0,0,-13,23,514,20
0,0,-13,23,514,20
0,0,-13,23,514,20
0,0,-13,23,514,20
0,0,-13,23,514,20
0,0,-13,23,514,21
0,0,-13,23,514,21
0,0,-13,23,514,21
0,0,-13,23,514,21
0,0,-13,23,514,21
0,0,-13,23,514,21
0,0,-13,23,514,21
0,0,-13,23,514,21
0,0,-13,23,514,21
0,0,-13,23,514,21
0,0,-13,23,514,21
0,0,-13,23,514,21
0,0,-13,23,514,20
0,0,-13,23,514,20
0,0,-12,23,514,20
0,0,-12,23,514,20
0,0,-12,23,514,20
0,0,-12,23,514,20
0,0,-13,22,514,20
0,0,-13,22,514,20
2,0,-13,22,514,20
2,0,-13,22,514,20
4,0,-13,22,514,21
4,0,-13,22,514,21
4,0,-13,22,514,21
6,0,-13,23,514,21
6,0,-13,23,514,21
7,0,-13,23,514,21
7,0,-13,23,514,21
7,0,-13,22,514,21
7,0,-13,22,514,21
5,0,-13,23,514,21
5,0,-13,23,514,21
3,0,-13,23,514,21
3,0,-13,23,514,21
3,0,-13,23,514,21
2,0,-12,23,514,21
2,0,-12,23,514,21
2,1,-12,23,514,21
2,1,-12,23,514,21
2,3,-12,23,514,21
2,3,-12,23,514,21
2,5,-11,23,513,21
2,5,-11,23,513,21
2,6,-11,23,513,20
2,6,-11,23,513,20
2,6,-11,23,513,20
4,6,-10,23,513,20
4,6,-10,23,513,20
7,4,-10,23,513,21
7,4,-10,23,513,21
12,2,-10,24,513,21
12,2,-10,24,513,21
19,1,-9,23,513,21
19,1,-9,23,513,21
25,0,-9,23,513,20
25,0,-9,23,513,20
25,0,-9,23,513,20
31,0,-8,23,513,20
31,0,-8,23,513,20
35,0,-8,23,513,21
35,0,-8,23,513,21
37,-1,-8,23,514,21
37,-1,-8,23,514,21
39,-3,-8,23,513,21
39,-3,-8,23,513,21
38,-4,-8,23,513,20
38,-4,-8,23,513,20
38,-4,-8,23,513,20
36,-4,-7,23,514,20
36,-4,-7,23,514,20
32,-3,-7,23,514,20
32,-3,-7,23,514,20
28,-1,-5,23,514,20
28,-1,-5,23,514,20
28,-1,-5,23,514,20
25,0,-5,23,514,20
23,0,-5,23,514,20
23,0,-5,23,514,20
23,0,-5,23,514,20
21,0,-3,23,514,20
21,0,-3,23,514,20
19,0,-3,23,514,21
19,0,-3,23,514,21
17,0,-2,23,514,21
17,0,-2,23,514,21
16,0,-1,23,513,21
16,0,-1,23,513,21
16,0,-1,23,513,21
16,0,-1,23,513,21
18,0,0,23,514,21
18,0,0,23,514,21
18,0,0,23,514,21
22,0,0,23,514,21
22,0,0,23,514,21
24,0,0,23,514,21
24,0,0,23,514,21
25,0,1,22,514,21
25,0,1,22,514,21
25,0,1,22,514,21
25,0,1,22,514,21
25,0,2,23,515,21
25,0,2,23,515,21
25,0,2,23,515,21
25,0,2,23,515,21
25,0,3,23,515,21
25,0,3,23,515,21
25,0,4,23,515,21
25,0,4,23,515,21
25,0,4,23,515,21
25,0,4,23,515,21
25,0,4,23,515,21
25,0,5,23,516,21
25,0,5,23,516,21
25,0,5,23,516,21
25,0,5,23,516,21
25,0,5,23,516,21
25,0,5,23,516,21
25,0,7,23,516,21
25,0,7,23,516,21
26,0,7,23,516,21
26,0,7,23,516,21
29,0,7,23,517,21
29,0,7,23,517,21
31,0,7,23,517,21
31,0,7,23,517,21
31,0,7,23,517,21
31,0,8,23,517,21
31,0,8,23,517,21
30,0,9,23,518,21
30,0,9,23,518,21
28,0,9,23,518,21
28,0,9,23,518,21
26,0,10,23,519,21
26,0,10,23,519,21
24,0,10,23,519,21
24,0,10,23,519,21
23,0,11,23,520,21
23,0,11,23,520,21
23,0,10,23,520,21
23,0,10,23,520,21
23,0,11,23,520,21
23,0,11,23,520,21
21,0,11,23,520,21
21,0,11,23,520,21
19,0,11,23,520,21
19,0,11,23,520,21
19,0,11,23,520,21
17,0,12,24,520,21
17,0,12,24,520,21
14,0,12,23,520,21
14,0,12,23,520,21
11,-1,13,24,520,21
11,-1,13,24,520,21
9,-3,13,24,520,21
9,-3,13,24,520,21
9,-3,13,24,520,21
7,-5,13,24,520,21
7,-5,13,24,520,21
7,-6,13,24,520,21
7,-6,13,24,520,21
6,-6,14,24,520,21
6,-6,14,24,520,21
6,-5,14,23,520,21
6,-5,14,23,520,21
6,-3,15,23,521,21
6,-3,15,23,521,21
6,-3,15,23,521,21
6,-3,15,23,521,21
6,-3,15,23,521,21
6,-3,14,24,520,21
6,-3,14,24,520,21
8,-1,14,25,520,21
9,0,16,24,521,21
9,0,16,24,521,21
9,0,16,24,521,21
10,0,16,23,520,21
10,0,16,23,520,21
10,0,16,23,520,21
10,0,16,23,520,21
10,0,16,24,520,21
10,0,16,24,520,21
10,0,16,24,520,21
10,0,16,24,520,21
10,0,17,24,520,21
10,0,17,24,520,21
8,0,17,24,520,21
8,0,17,24,520,21
6,0,17,24,520,21
6,0,17,24,520,21
6,0,17,24,520,21
6,0,17,24,520,21
6,0,17,24,521,21
6,0,17,24,521,21
6,0,17,24,521,21
6,0,18,24,521,21
6,0,18,24,521,21
6,0,18,24,521,21
6,0,18,24,521,21
6,0,18,24,521,21
6,0,18,24,521,21
6,0,18,24,521,21
6,0,18,24,521,21
6,0,18,24,521,21
6,0,18,24,521,21
6,0,18,24,521,21
6,0,18,24,521,21
6,0,18,24,521,21
4,0,18,24,522,21
4,0,18,24,522,21
2,0,18,24,522,21
2,0,18,24,522,21
0,0,18,24,522,21
0,0,18,24,522,21
0,0,18,24,522,21
0,0,18,24,522,21
0,0,18,24,521,21
0,0,18,24,521,21
0,0,18,24,521,21
0,0,18,24,521,21
0,0,18,24,521,21
0,0,18,24,521,21
0,0,18,24,521,21
0,0,18,25,521,21
0,0,18,25,521,21
0,0,18,25,522,21
0,0,18,25,522,21
0,0,18,25,522,21
0,0,18,25,522,21
0,0,18,25,522,21
0,0,18,24,522,21
0,0,18,24,522,21
0,0,18,24,522,21
0,0,18,24,522,21
0,0,18,24,522,21
0,0,18,24,522,21
0,0,18,24,522,21
0,0,18,24,522,21
0,0,18,24,522,21
0,0,18,24,522,21
0,-1,18,24,522,21
0,-1,18,24,522,21
0,-1,18,24,522,21
0,-1,18,24,522,21
0,-1,18,25,522,21
0,-1,18,25,522,21
0,-1,18,24,522,21
0,-1,18,24,522,21
0,-1,18,24,522,21
0,-1,18,24,521,21
0,-1,18,24,521,21
0,-1,18,24,521,21
0,-1,18,24,521,21
0,-1,18,24,521,21
0,-1,18,24,521,21
0,-2,18,24,520,21
0,-2,18,24,520,21
0,-2,18,24,520,21
0,-3,18,24,520,21
0,-3,18,24,520,21
0,-3,18,24,520,21
0,-3,18,24,520,21
0,-3,18,24,520,21
0,-3,18,24,520,21
0,-1,18,24,520,21
0,-1,18,24,520,21
0,0,18,25,520,21
0,0,18,25,520,21
0,0,18,25,520,21
0,0,18,25,520,21
0,0,18,25,520,21
0,0,18,25,520,21
0,0,18,25,520,21
0,0,18,25,520,21
0,0,18,25,520,21
0,0,18,25,520,21
0,0,18,25,520,21
0,0,18,25,520,21
0,0,18,25,520,21
0,0,18,25,520,21
0,0,18,25,520,21
0,0,18,25,520,21
0,0,18,25,520,21
0,0,18,25,520,21
0,0,18,25,520,21
0,0,18,25,520,21
0,0,18,25,520,21
0,0,18,25,520,21
0,0,18,25,520,21
0,0,18,25,520,21
0,0,18,25,520,21
0,0,18,25,520,21
0,0,19,25,520,21
0,0,19,25,520,21
0,0,19,25,519,21
0,0,19,25,519,21
0,0,19,25,519,21
0,0,19,25,519,21
0,0,19,25,519,21
0,0,19,25,519,21
0,0,19,25,519,21
0,0,19,25,518,21
0,0,19,25,518,21
0,0,19,25,518,21
0,0,19,25,518,21
0,0,19,25,518,21
0,0,19,25,518,21
0,0,19,25,518,21
0,0,19,25,518,21
0,0,19,25,518,21
0,0,19,25,518,21
0,0,19,25,518,21
0,0,19,25,518,21
0,0,19,25,518,21
0,0,19,25,518,21
0,0,19,25,518,21
0,0,18,25,518,21
0,0,18,25,518,21
0,0,18,25,518,21
0,0,18,25,518,21
0,0,18,25,518,21
0,0,18,25,518,21
0,0,18,25,518,21
0,0,18,25,518,21
0,0,18,25,518,21
0,0,19,25,518,21
0,0,19,25,518,21
-1,0,18,24,518,21
-1,0,18,24,518,21
-1,0,18,24,518,20
-1,0,18,24,518,20
-1,0,18,24,518,20
-2,0,18,25,517,20
-2,0,18,25,517,20
-2,0,19,25,516,20
-2,0,19,25,516,20
-2,0,18,25,516,21
-2,0,18,25,516,21
-1,-1,18,25,516,21
-1,-1,18,25,516,21
-1,-1,18,25,516,21
0,-1,18,25,516,21
0,-1,18,25,516,21
0,-1,19,25,516,21
0,-1,19,25,516,21
0,0,19,25,516,21
0,0,19,25,516,21
0,0,18,26,516,20
0,0,18,26,516,20
0,0,19,25,516,20
0,0,19,25,516,20
0,0,19,25,516,20
0,0,19,25,516,21
0,0,18,25,516,21
0,0,18,25,516,21
0,0,18,25,516,21
0,0,18,25,516,21
0,0,18,25,516,21
0,-1,19,25,516,21
0,-1,19,25,516,21
0,-3,20,26,515,21
0,-3,20,26,515,21
2,-3,20,26,515,20
2,-3,20,26,515,20
2,-3,20,26,515,20
4,-1,20,26,514,20
4,-1,20,26,514,20
6,0,20,26,514,20
6,0,20,26,514,20
8,0,20,25,513,20
8,0,20,25,513,20
10,0,20,26,512,20
10,0,20,26,512,20
11,0,20,26,512,21
11,0,20,26,512,21
9,0,20,26,511,21
9,0,20,26,511,21
7,1,20,26,510,21
7,1,20,26,510,21
5,2,21,26,509,20
5,2,21,26,509,20
3,4,21,26,508,20
3,4,21,26,508,20
3,4,21,26,508,20
3,4,21,26,508,20
3,3,22,25,507,20
3,3,22,25,507,20
3,3,22,25,507,20
3,1,22,25,506,20
3,1,22,25,506,20
3,0,22,25,505,20
3,0,22,25,505,20
3,0,22,25,504,20
3,0,22,25,504,20
3,0,22,25,504,20
3,0,22,25,504,20
3,0,22,25,504,20
3,0,22,25,504,20
3,0,22,25,504,20
2,0,22,25,504,20
0,0,22,24,504,20
0,0,22,24,504,20
0,0,22,24,504,20
0,0,22,24,504,20
0,0,22,24,504,20
0,0,22,24,504,20
0,0,22,24,504,20
0,0,22,24,504,20
0,0,22,24,504,20
0,0,22,24,504,20
0,0,22,24,504,20
0,0,22,24,504,20
0,0,22,24,504,20
0,0,22,24,504,20
0,0,22,24,504,20
0,0,22,24,504,20
0,0,22,24,504,20
0,0,22,24,504,20
0,0,22,24,503,20
0,0,22,24,503,20
0,0,22,24,503,20
0,0,22,24,503,20
0,0,21,24,503,20
0,0,21,24,503,20
0,0,21,24,503,20
0,0,21,24,503,20
0,0,21,24,503,20
0,0,21,24,503,20
0,0,21,24,503,20
0,0,21,25,503,20
0,0,21,25,503,20
0,0,21,25,503,20
0,0,21,25,503,20
0,0,21,25,503,20
0,0,21,25,503,20
0,0,21,25,503,20
0,0,21,25,503,20
0,0,21,25,503,20
0,0,21,25,503,20
0,0,21,25,503,20
0,0,21,25,503,20
0,0,21,25,503,20
0,0,21,25,503,20
0,0,21,25,503,20
0,0,21,24,502,20
0,0,21,24,502,20
0,0,22,24,502,20
0,0,22,24,502,20
0,0,22,24,502,20
0,0,22,24,502,20
0,0,22,24,502,20
0,0,22,24,502,20
0,0,22,24,502,20
0,0,22,24,501,20
0,0,22,24,501,20
0,0,22,24,501,20
0,0,22,24,501,20
2,0,22,24,501,20
2,0,22,24,501,20
3,0,22,24,501,20
3,0,22,24,501,20
3,0,22,24,501,20
3,0,22,24,501,20
2,0,22,24,501,20
2,0,22,24,501,20
2,0,22,24,501,20
0,0,22,24,501,20
0,0,22,24,501,20
0,0,22,25,501,20
0,0,22,25,501,20
0,0,22,25,501,20
0,0,22,25,501,20
0,0,22,25,500,20
0,0,22,25,500,20
0,0,22,25,500,20
0,0,22,25,499,20
0,0,23,25,497,20
0,0,23,25,497,20
0,2,22,25,495,20
0,2,22,25,495,20
0,2,22,25,495,20
0,3,22,25,495,19
0,3,22,25,495,19
0,3,23,25,492,19
0,3,23,25,492,19
0,3,23,26,490,19
0,3,23,26,490,19
0,3,23,25,488,19
0,3,23,25,488,19
0,3,23,25,485,19
0,3,23,25,485,19
0,3,23,25,485,19
0,3,23,25,485,19
0,3,23,25,485,19
0,3,23,25,481,19
0,3,23,25,481,19
0,3,23,26,477,19
0,3,23,26,477,19
0,3,22,26,473,18
0,3,22,26,473,18
0,5,22,26,469,18
0,5,22,26,469,18
0,7,22,26,469,18
0,7,22,26,469,18
0,7,22,26,469,18
0,9,21,26,461,18
0,9,21,26,461,18
0,9,21,26,461,18
0,8,20,27,457,18
0,8,20,27,457,18
0,8,20,27,457,18
0,6,20,26,454,18
0,6,20,26,454,18
0,4,20,26,454,18
0,4,20,26,454,18
0,2,20,27,447,18
0,2,20,27,447,18
0,0,20,27,447,18
0,0,20,27,447,18
0,0,19,27,443,17
0,0,19,27,443,17
0,0,18,27,440,17
0,0,18,27,440,17
-1,0,18,27,440,17
-1,0,18,27,440,17
-1,0,18,27,440,17
-4,0,19,28,432,17
-4,0,19,28,432,17
-8,0,19,28,432,17
-8,0,19,28,432,17
-10,0,18,28,428,17
-10,0,18,28,428,17
-12,0,18,28,424,17
-12,0,18,28,424,17
-12,0,18,28,424,17
-12,0,18,28,424,16
-12,0,18,28,424,16
-10,0,18,29,417,16
-10,0,18,29,417,16
-8,0,18,29,417,16
-8,0,18,29,417,16
-6,0,18,29,413,16
-6,0,18,29,413,16
-4,0,19,29,410,16
-4,0,19,29,410,16
-2,2,19,29,410,16
-2,2,19,29,410,16
0,4,19,28,405,16
0,4,19,28,405,16
0,4,19,28,405,16
0,5,19,28,405,16
0,5,19,28,405,16
1,4,19,29,402,16
1,4,19,29,402,16
3,2,19,28,400,16
3,2,19,28,400,16
4,0,19,28,400,16
4,0,19,28,400,16
4,0,20,29,396,16
4,0,20,29,396,16
3,-1,20,29,396,16
3,-1,20,29,396,16
3,-3,20,28,394,15
3,-3,20,28,394,15
3,-3,20,28,394,15
3,-5,21,29,392,15
3,-5,21,29,392,15
3,-5,21,29,392,16
3,-5,21,29,392,16
5,-3,21,28,389,16
5,-3,21,28,389,16
7,-1,21,28,389,16
7,-1,21,28,389,16
9,0,21,28,387,15
9,0,21,28,387,15
11,0,21,28,386,15
11,0,21,28,386,15
11,0,21,28,386,15
11,0,21,28,386,15
11,0,21,28,386,15
9,0,21,28,384,15
9,0,21,28,384,15
7,0,21,28,384,15
7,0,21,28,384,15
5,0,21,28,383,15
5,0,21,28,383,15
3,0,22,28,382,15
3,0,22,28,382,15
1,0,22,28,382,15
1,0,22,28,382,15
0,0,23,28,380,15
0,0,23,28,380,15
0,0,23,28,380,15
0,0,23,28,380,15
0,0,23,28,380,15
0,0,23,27,380,15
0,0,23,27,380,15
1,0,23,27,379,15
1,0,23,27,379,15
2,0,23,27,379,15
2,0,23,27,379,15
2,0,23,28,378,15
2,0,23,28,378,15
2,0,23,28,378,15
2,0,23,28,378,15
2,0,23,28,378,15
0,0,23,27,378,15
0,0,23,27,378,15
0,1,23,27,377,15
0,1,23,27,377,15
0,3,23,27,377,15
0,3,23,27,377,15
0,5,23,27,377,15
0,5,23,27,377,15
0,7,23,27,377,15
0,7,23,27,377,15
0,7,23,27,377,15
0,7,23,27,377,15
0,7,23,27,377,15
0,5,23,27,377,15
0,5,23,27,377,15
0,3,23,27,377,15
0,3,23,27,377,15
0,1,22,27,377,15
0,1,22,27,377,15
0,0,22,27,377,15
0,0,22,27,377,15
0,0,22,27,378,15
0,0,22,27,378,15
0,0,22,27,379,15
0,0,22,27,379,15
-1,0,22,27,379,16
-1,0,22,27,379,16
-3,0,22,27,381,16
-3,0,22,27,381,16
-3,0,22,27,381,16
-5,0,22,27,381,16
-5,0,22,27,381,16
-6,0,21,26,382,15
-6,0,21,26,382,15
-6,0,21,26,382,15
-6,0,21,26,382,15
-4,0,21,26,382,16
-4,0,21,26,382,16
-2,0,21,26,382,16
-2,0,21,26,382,16
-2,0,21,26,382,16
-2,0,21,26,382,16
-2,0,21,27,382,15
-2,0,21,27,382,15
-2,0,21,27,382,15
0,0,21,27,383,15
0,0,21,27,383,15
0,0,21,27,383,15
0,0,21,27,383,15
0,0,21,27,383,15
0,0,21,27,383,15
0,0,21,27,383,15
0,0,21,27,383,15
0,0,21,27,383,15
0,0,20,27,384,16
0,0,20,27,384,16
0,0,20,27,384,16
0,0,20,27,384,16
0,0,20,27,384,15
0,0,20,27,384,15
0,0,20,27,384,15
0,0,20,27,384,15
0,0,20,27,384,15
0,0,20,27,384,15
0,0,20,28,384,16
0,0,20,28,384,16
0,1,20,28,384,16
0,1,20,28,384,16
0,3,21,27,385,15
0,3,21,27,385,15
0,5,21,26,385,15
0,5,21,26,385,15
0,6,21,26,385,15
0,6,21,26,385,15
0,6,21,26,385,15
0,4,21,26,385,15
0,4,21,26,385,15
0,2,21,26,385,15
0,2,21,26,385,15
0,0,22,26,385,15
0,0,22,26,385,15
0,0,21,25,386,15
0,0,21,25,386,15
0,0,21,25,386,15
0,-1,21,25,386,15
0,-1,21,25,386,15
0,-3,22,24,387,16
0,-3,22,24,387,16
0,-5,22,24,387,16
0,-5,22,24,387,16
0,-8,22,23,387,16
0,-8,22,23,387,16
0,-12,22,22,388,16
0,-12,22,22,388,16
0,-15,22,22,388,16
0,-15,22,22,388,16
0,-17,22,21,389,16
0,-17,22,21,389,16
0,-17,22,21,389,16
0,-20,21,20,389,16
0,-20,21,20,389,16
0,-24,21,20,390,16
0,-24,21,20,390,16
-1,-28,22,19,390,16
-1,-28,22,19,390,16
-2,-31,22,19,390,16
-2,-31,22,19,390,16
-2,-31,22,19,390,16
-2,-33,21,18,390,16
-2,-33,21,18,390,16
-2,-34,21,18,390,16
-2,-34,21,18,390,16
0,-33,21,17,391,16
0,-33,21,17,391,16
0,-31,21,16,391,16
0,-31,21,16,391,16
0,-29,21,16,391,16
0,-29,21,16,391,16
0,-29,21,15,391,16
0,-29,21,15,391,16
0,-29,22,15,391,16
0,-29,22,15,391,16
0,-29,22,15,391,16
0,-29,21,14,391,16
0,-29,21,14,391,16
0,-29,21,14,391,16
0,-29,21,14,391,16
0,-27,21,14,391,16
0,-27,21,14,391,16
0,-25,21,13,391,16
0,-25,21,13,391,16
0,-23,21,12,391,16
0,-23,21,12,391,16
0,-21,21,12,392,16
0,-21,21,12,392,16
0,-21,21,12,392,16
0,-21,21,11,392,16
0,-21,21,11,392,16
0,-21,21,11,392,16
0,-21,21,11,392,16
0,-22,21,10,392,16
0,-22,21,10,392,16
0,-24,22,9,392,16
0,-24,22,9,392,16
0,-26,22,9,392,16
0,-26,22,9,392,16
1,-28,22,9,393,16
1,-28,22,9,393,16
3,-29,22,9,393,16
3,-29,22,9,393,16
5,-29,21,7,393,16
5,-29,21,7,393,16
6,-28,21,7,393,16
6,-28,21,7,393,16
6,-28,21,7,393,16
5,-26,21,7,393,16
5,-26,21,7,393,16
3,-24,22,6,393,16
3,-24,22,6,393,16
1,-22,22,6,393,16
1,-22,22,6,393,16
1,-21,22,6,393,16
1,-21,22,6,393,16
1,-20,21,5,393,16
1,-20,21,5,393,16
1,-20,21,5,393,16
1,-20,22,4,393,17
1,-20,22,4,393,17
1,-20,22,4,393,17
1,-20,22,4,393,17
1,-21,22,4,393,17
1,-21,22,4,393,17
0,-21,22,2,393,16
0,-21,22,2,393,16
0,-21,22,2,394,16
0,-21,22,2,394,16
0,-21,22,2,394,16
0,-21,22,1,394,16
0,-21,21,0,394,16
0,-21,21,0,394,16
0,-21,21,0,394,16
0,-21,21,0,394,16
0,-21,21,0,394,16
0,-21,21,0,394,16
0,-21,21,0,394,16
0,-21,21,0,394,16
0,-21,21,0,394,16
0,-21,21,0,394,16
0,-21,21,0,394,16
-2,-21,21,-1,394,16
-2,-21,21,-1,394,16
-3,-19,21,-1,394,16
-3,-19,21,-1,394,16
-3,-18,21,-2,395,17
-3,-18,21,-2,395,17
-2,-18,21,-2,395,17
-2,-18,21,-2,395,17
-2,-18,21,-2,395,17
0,-18,21,-2,395,16
0,-18,21,-2,395,16
0,-18,21,-3,396,16
0,-18,21,-3,396,16
0,-18,21,-3,396,16
0,-18,21,-3,396,16
0,-18,21,-3,396,16
0,-18,21,-3,396,16
0,-18,21,-3,396,16
0,-17,21,-3,396,16
0,-17,21,-3,396,16
0,-17,21,-4,396,16
0,-17,21,-4,396,16
0,-17,21,-4,396,16
0,-17,21,-4,396,16
0,-16,21,-4,396,16
0,-16,21,-4,396,16
0,-14,21,-6,396,16
0,-14,21,-6,396,16
0,-12,21,-5,396,16
0,-12,21,-5,396,16
0,-12,21,-5,396,16
0,-10,21,-6,396,16
0,-10,21,-6,396,16
0,-8,21,-6,396,16
0,-8,21,-6,396,16
0,-6,21,-6,396,16
0,-6,21,-6,396,16
0,-4,21,-6,396,16
0,-4,21,-6,396,16
0,-4,21,-6,396,16
0,-3,21,-8,395,16
0,-3,21,-8,395,16
0,-3,21,-8,395,16
0,-3,21,-8,395,16
0,-3,21,-8,395,16
0,-3,21,-8,395,16
0,-4,21,-8,395,16
0,-4,21,-8,395,16
0,-7,21,-7,395,16
0,-7,21,-7,395,16
0,-10,21,-7,395,16
0,-10,21,-7,395,16
0,-10,21,-8,395,16
0,-10,21,-8,395,16
0,-10,21,-8,395,16
0,-8,21,-8,395,16
0,-8,21,-8,395,16
0,-6,21,-8,395,16
0,-6,21,-8,395,16
0,-4,21,-8,395,16
0,-4,21,-8,395,16
0,-4,21,-8,395,16
0,-4,21,-8,395,16
0,-4,21,-8,395,16
0,-4,21,-7,395,16
0,-4,21,-7,395,16
0,-2,21,-8,395,16
0,-2,21,-8,395,16
0,-1,21,-8,395,16
0,-1,21,-8,395,16
0,-1,20,-7,395,16
0,-1,20,-7,395,16
0,-1,20,-7,395,16
0,-1,20,-7,395,16
0,-1,20,-7,395,16
0,-1,20,-7,395,16
0,-1,20,-7,395,16
0,-1,20,-7,395,16
0,-1,20,-7,395,16
0,-1,20,-7,395,16
0,-1,20,-7,395,16
0,0,20,-7,395,16
0,0,20,-7,395,16
0,0,20,-7,395,16
0,0,20,-7,395,16
0,0,20,-7,395,16
0,0,20,-7,395,16
0,0,21,-7,395,16
0,0,21,-7,395,16
0,0,21,-7,395,16
0,0,21,-7,395,16
0,0,21,-7,395,16
0,0,21,-7,395,16
0,0,21,-7,395,16
0,0,21,-7,395,16
0,0,21,-7,395,16
0,0,21,-7,395,16
0,0,21,-7,395,16
1,0,21,-7,395,16
1,0,21,-7,395,16
2,0,21,-7,395,16
2,0,21,-7,395,16
2,0,21,-7,395,16
2,0,21,-7,395,16
2,0,21,-7,395,16
1,0,21,-7,395,16
1,0,21,-7,395,16
0,0,21,-7,395,16
0,0,21,-7,395,16
0,0,21,-7,395,16
0,0,21,-7,395,16
0,0,21,-7,395,16
0,0,21,-7,395,16
0,0,21,-7,395,16
0,0,21,-8,395,16
0,0,20,-8,395,16
0,0,20,-8,395,16
0,0,20,-8,395,16
0,0,20,-9,395,16
0,0,20,-9,395,16
0,0,20,-9,395,16
0,0,20,-9,395,16
0,0,20,-9,395,16
0,0,20,-9,395,16
0,-1,20,-10,395,16
0,-1,20,-10,395,16
-2,-2,20,-10,395,16
-2,-2,20,-10,395,16
-2,-2,20,-11,394,16
-2,-2,20,-11,394,16
-2,-2,20,-11,394,16
-2,-3,20,-11,394,16
-2,-3,20,-11,394,16
0,-3,20,-11,394,16
0,-3,20,-11,394,16
0,-3,20,-11,394,16
0,-3,20,-11,394,16
0,-3,20,-11,394,16
0,-3,20,-11,394,16
0,-3,20,-11,394,16
0,-3,20,-11,394,16
0,-3,20,-11,394,16
0,-3,20,-11,394,16
0,-3,20,-11,394,16
0,-2,20,-11,394,16
0,-2,20,-11,394,16
0,0,21,-11,394,16
0,0,21,-11,394,16
0,0,20,-12,394,16
0,0,20,-12,394,16
0,0,20,-12,394,16
0,0,20,-12,394,16
0,-2,20,-12,394,16
0,-2,20,-12,394,16
0,-4,20,-12,394,16
0,-4,20,-12,394,16
0,-4,20,-12,394,16
-1,-6,20,-12,394,16
-1,-6,20,-12,394,16
-2,-7,20,-12,394,16
-2,-7,20,-12,394,16
-2,-7,21,-12,393,16
-2,-7,21,-12,393,16
-2,-5,21,-12,393,16
-2,-5,21,-12,393,16
-2,-5,21,-12,393,16
0,-3,21,-12,393,16
0,-3,21,-12,393,16
0,-1,21,-12,392,16
0,-1,21,-12,392,16
0,0,20,-13,392,16
0,0,20,-13,392,16
0,0,20,-13,392,16
0,0,20,-13,392,16
0,-2,20,-13,392,16
0,-2,20,-13,392,16
-1,-4,20,-13,392,16
-1,-4,20,-13,392,16
-1,-4,20,-13,392,16
-3,-6,21,-13,392,16
-3,-6,21,-13,392,16
-3,-7,21,-13,392,16
-3,-7,21,-13,392,16
-3,-7,21,-12,392,16
-3,-7,21,-12,392,16
-1,-5,20,-12,392,16
-1,-5,20,-12,392,16
-1,-5,20,-12,392,16
0,-3,20,-12,392,16
0,-3,20,-12,392,16
0,-1,20,-12,392,16
0,-1,20,-12,392,16
-1,0,20,-12,393,16
-1,0,20,-12,393,16
-3,0,20,-12,393,16
-3,0,20,-12,393,16
-5,0,20,-12,393,16
-5,0,20,-12,393,16
-6,0,20,-12,393,16
-6,0,20,-12,393,16
-6,0,19,-12,393,16
-6,0,19,-12,393,16
-6,0,19,-12,393,16
-5,0,19,-12,393,16
-5,0,19,-12,393,16
-5,0,19,-12,393,16
-5,0,19,-12,393,16
-5,0,19,-11,393,16
-5,0,19,-11,393,16
-5,0,19,-11,393,16
-5,0,19,-11,393,16
-5,0,19,-11,393,16
-5,0,17,-12,393,16
-5,0,17,-12,393,16
-5,0,17,-11,393,16
-5,0,17,-11,393,16
-5,1,16,-11,393,17
-5,1,16,-11,393,17
-5,4,15,-11,393,17
-5,4,15,-11,393,17
-7,8,15,-11,393,17
-7,8,15,-11,393,17
-11,10,15,-12,393,16
-11,10,15,-12,393,16
-14,10,14,-11,393,16
-14,10,14,-11,393,16
-14,10,14,-11,393,16
-18,10,13,-11,393,16
-18,10,13,-11,393,16
-22,10,12,-11,393,16
-22,10,12,-11,393,16
-26,10,12,-11,393,16
-26,10,12,-11,393,16
-30,10,11,-12,392,16
-30,10,11,-12,392,16
-32,10,11,-12,392,16
-32,10,11,-12,392,16
-34,8,11,-12,392,16
-34,8,11,-12,392,16
-34,6,10,-12,392,16
-34,6,10,-12,392,16
-34,6,10,-12,392,16
-34,4,10,-12,392,16
-34,4,10,-12,392,16
-34,2,9,-11,391,16
-34,2,9,-11,391,16
-36,0,9,-11,391,16
-36,0,9,-11,391,16
-38,0,9,-11,391,16
-38,0,9,-11,391,16
-40,0,8,-11,391,16
-40,0,8,-11,391,16
-40,0,8,-11,391,16
-40,0,8,-11,391,16
-41,0,7,-12,391,16
-41,0,7,-12,391,16
-41,0,7,-12,391,16
-41,0,7,-12,391,16
-41,0,7,-12,391,16
-39,0,6,-10,391,16
-39,0,6,-10,391,16
-36,0,6,-11,391,16
-36,0,6,-11,391,16
-32,-2,6,-11,391,16
-32,-2,6,-11,391,16
-29,-6,4,-11,391,16
-29,-6,4,-11,391,16
-27,-10,4,-11,391,16
-27,-10,4,-11,391,16
-25,-13,3,-12,391,16
-25,-13,3,-12,391,16
-25,-13,3,-12,391,16
-23,-15,2,-11,391,16
-23,-15,2,-11,391,16
-21,-14,2,-11,391,16
-21,-14,2,-11,391,16
-19,-12,1,-11,391,16
-19,-12,1,-11,391,16
-19,-10,1,-11,391,16
-19,-10,1,-11,391,16
-19,-7,0,-11,391,16
-19,-7,0,-11,391,16
-19,-7,0,-11,391,16
-19,-3,0,-11,391,16
-19,-3,0,-11,391,16
-17,-1,0,-11,391,16
-17,-1,0,-11,391,16
-15,0,-1,-11,391,16
-15,0,-1,-11,391,16
-14,0,-1,-11,391,16
-14,0,-1,-11,391,16
-14,0,-1,-11,391,16
-14,0,-2,-11,391,16
-14,0,-2,-11,391,16
-14,0,-3,-11,391,16
-14,0,-3,-11,391,16
-14,0,-3,-11,391,16
-14,0,-3,-11,391,16
-16,0,-4,-11,390,16
-16,0,-4,-11,390,16
-20,0,-4,-11,390,16
-20,0,-4,-11,390,16
-26,0,-4,-11,390,16
-26,0,-4,-11,390,16
-26,0,-4,-11,390,16
-30,0,-5,-11,390,16
-34,0,-5,-11,390,16
-34,0,-5,-11,390,16
-34,0,-5,-11,390,16
-37,0,-7,-11,390,16
-37,0,-7,-11,390,16
-39,0,-7,-11,390,16
-39,0,-7,-11,390,16
-41,0,-8,-11,390,16
-41,0,-8,-11,390,16
-43,0,-8,-11,390,16
-43,0,-8,-11,390,16
-42,0,-8,-11,390,16
-42,0,-8,-11,390,16
-42,0,-8,-11,390,16
-40,0,-10,-11,390,16
-40,0,-10,-11,390,16
-38,0,-10,-11,390,16
-38,0,-10,-11,390,16
-36,0,-11,-11,390,16
-36,0,-11,-11,390,16
-34,0,-12,-12,390,16
-34,0,-12,-12,390,16
-33,0,-12,-12,390,16
-33,0,-12,-12,390,16
-34,0,-14,-12,390,16
-34,0,-14,-12,390,16
-36,-1,-14,-12,390,16
-36,-1,-14,-12,390,16
-36,-1,-14,-12,390,16
-39,-3,-15,-11,390,16
-41,-5,-16,-11,390,16
-41,-5,-16,-11,390,16
-43,-6,-16,-11,390,16
-43,-6,-16,-11,390,16
-45,-5,-17,-12,390,16
-45,-5,-17,-12,390,16
-45,-5,-17,-12,390,16
-45,-3,-17,-12,390,16
-45,-3,-17,-12,390,16
-45,-3,-19,-12,390,16
-45,-3,-19,-12,390,16
-45,-5,-19,-12,390,16
-45,-5,-19,-12,390,16
-44,-7,-19,-12,390,16
-44,-7,-19,-12,390,16
-44,-7,-19,-12,390,16
-42,-9,-20,-12,391,16
-42,-9,-20,-12,391,16
-40,-11,-20,-12,391,16
-40,-11,-20,-12,391,16
-38,-10,-22,-12,391,16
-38,-10,-22,-12,391,16
-35,-8,-22,-13,391,16
-35,-8,-22,-13,391,16
-31,-7,-22,-13,391,16
-31,-7,-22,-13,391,16
-27,-7,-24,-12,392,16
-27,-7,-24,-12,392,16
-23,-9,-24,-12,392,16
-23,-9,-24,-12,392,16
-23,-9,-24,-12,392,16
-21,-11,-25,-13,392,16
-21,-11,-25,-13,392,16
-21,-12,-25,-12,392,16
-21,-12,-25,-12,392,16
-21,-11,-25,-12,392,16
-21,-11,-25,-12,392,16
-21,-9,-26,-12,392,16
-21,-9,-26,-12,392,16
-20,-7,-26,-12,392,16
-20,-7,-26,-12,392,16
-20,-7,-26,-12,392,16
-18,-4,-27,-12,392,16
-18,-4,-27,-12,392,16
-16,-1,-27,-13,392,16
-16,-1,-27,-13,392,16
-14,1,-27,-13,392,16
-14,1,-27,-13,392,16
-12,1,-27,-13,393,16
-12,1,-27,-13,393,16
-10,1,-27,-13,393,16
-10,1,-27,-13,393,16
-10,1,-27,-13,393,16
-8,0,-27,-13,394,16
-8,0,-27,-13,394,16
-6,0,-27,-13,394,16
-6,0,-27,-13,394,16
-4,0,-27,-13,394,16
-4,0,-27,-13,394,16
-2,0,-26,-13,394,16
-2,0,-26,-13,394,16
0,0,-26,-13,394,16
0,0,-26,-13,394,16
1,0,-27,-12,394,16
1,0,-27,-12,394,16
3,0,-27,-13,394,16
3,0,-27,-13,394,16
3,0,-28,-13,394,16
3,0,-28,-13,394,16
3,0,-28,-13,394,16
3,0,-27,-13,393,16
3,0,-27,-13,393,16
3,0,-27,-13,393,16
3,0,-27,-13,393,16
3,-1,-27,-12,393,16
3,-1,-27,-12,393,16
3,-1,-27,-12,393,16
3,-1,-27,-12,393,16
3,-1,-27,-12,393,16
3,-1,-27,-12,393,16
3,-1,-27,-12,393,16
5,0,-27,-12,393,16
5,0,-27,-12,393,16
5,0,-27,-12,393,16
5,0,-27,-12,393,16
4,0,-28,-13,393,16
4,0,-28,-13,393,16
2,0,-27,-13,393,16
2,0,-27,-13,393,16
1,0,-27,-13,393,16
1,0,-27,-13,393,16
1,0,-27,-13,393,16
1,0,-27,-13,393,16
1,0,-27,-13,393,16
2,0,-27,-13,393,16
2,0,-27,-13,393,16
4,0,-27,-13,393,16
4,0,-27,-13,393,16
5,0,-27,-13,393,16
5,0,-27,-13,393,16
5,0,-27,-13,393,16
5,0,-27,-13,393,16
4,0,-27,-13,393,16
4,0,-27,-13,393,16
4,0,-27,-13,393,16
2,0,-27,-13,393,16
2,0,-27,-13,393,16
0,0,-27,-13,393,16
0,0,-27,-13,393,16
0,0,-27,-13,393,16
0,0,-27,-13,393,16
0,0,-27,-12,393,16
0,0,-27,-12,393,16
0,0,-27,-12,393,16
0,0,-27,-12,393,16
0,0,-27,-12,393,16
0,0,-27,-12,393,16
0,0,-27,-12,393,16
0,0,-27,-12,393,16
0,0,-27,-12,393,16
0,0,-27,-11,393,16
0,0,-27,-11,393,16
0,0,-27,-10,392,16
0,0,-27,-10,392,16
0,0,-27,-9,392,16
0,0,-27,-9,392,16
0,2,-27,-9,392,16
0,2,-27,-9,392,16
0,2,-27,-9,392,16
0,6,-27,-8,392,16
0,6,-27,-8,392,16
0,12,-27,-8,392,16
0,12,-27,-8,392,16
0,17,-27,-7,392,16
0,17,-27,-7,392,16
0,21,-27,-7,392,16
0,21,-27,-7,392,16
0,21,-27,-7,392,16
0,22,-27,-7,392,16
0,22,-27,-7,392,16
0,21,-27,-6,392,16
0,21,-27,-6,392,16
0,19,-27,-6,392,16
0,19,-27,-6,392,16
0,17,-27,-5,392,16
0,17,-27,-5,392,16
0,15,-27,-5,392,16
0,15,-27,-5,392,16
0,15,-27,-5,392,16
0,13,-27,-5,392,16
0,13,-27,-5,392,16
0,11,-27,-4,392,16
0,11,-27,-4,392,16
0,11,-27,-4,392,16
0,11,-27,-4,392,16
0,11,-27,-3,392,16
0,11,-27,-3,392,16
0,11,-27,-3,392,16
0,11,-27,-2,392,16
0,11,-27,-2,392,16
0,11,-27,-2,392,16
0,11,-27,-2,392,16
0,11,-26,-2,391,16
0,11,-26,-2,391,16
0,13,-27,-1,391,16
0,13,-27,-1,391,16
0,16,-27,0,391,16
0,16,-27,0,391,16
0,20,-27,0,391,16
0,20,-27,0,391,16
0,20,-27,0,391,16
0,23,-27,0,391,16
0,23,-27,0,391,16
0,25,-27,2,391,16
0,25,-27,2,391,16
0,26,-27,1,391,16
0,26,-27,1,391,16
0,24,-27,3,391,16
0,24,-27,3,391,16
0,22,-27,3,391,16
0,22,-27,3,391,16
0,20,-27,3,391,16
0,20,-27,3,391,16
0,20,-27,3,391,16
0,18,-27,4,391,16
0,18,-27,4,391,16
0,16,-27,6,391,16
0,16,-27,6,391,16
0,14,-26,6,391,16
0,14,-26,6,391,16
0,14,-27,7,391,16
0,14,-27,7,391,16
0,16,-27,7,391,16
0,16,-27,7,391,16
0,19,-26,8,391,16
0,19,-26,8,391,16
0,24,-27,8,391,16
0,24,-27,8,391,16
-1,27,-26,9,391,16
-1,27,-26,9,391,16
-1,27,-26,9,391,16
-3,27,-27,10,391,16
-3,27,-27,10,391,16
-7,27,-27,10,391,16
-7,27,-27,10,391,16
-9,27,-26,11,391,16
-9,27,-26,11,391,16
-11,27,-26,11,391,16
-11,27,-26,11,391,16
-11,27,-26,12,391,16
-11,27,-26,12,391,16
-11,27,-26,13,391,16
-11,27,-26,13,391,16
-9,27,-26,13,391,16
-9,27,-26,13,391,16
-7,27,-26,13,391,16
-7,27,-26,13,391,16
-7,27,-26,13,391,16
-5,27,-26,14,391,16
-5,27,-26,14,391,16
-3,27,-26,15,391,16
-3,27,-26,15,391,16
-1,28,-26,15,391,16
-1,28,-26,15,391,16
0,28,-26,15,391,16
0,28,-26,15,391,16
0,28,-26,16,391,16
0,28,-26,16,391,16
0,28,-27,17,391,16
0,28,-27,17,391,16
0,28,-26,17,391,16
0,28,-26,17,391,16
0,28,-26,17,391,16
0,26,-27,18,391,16
0,26,-27,18,391,16
-2,26,-27,18,391,16
-2,26,-27,18,391,16
-5,26,-26,18,391,16
-5,26,-26,18,391,16
-5,26,-26,18,391,16
-8,26,-26,18,391,16
-9,26,-27,18,392,16
-9,26,-27,18,392,16
-9,26,-27,18,392,16
-9,24,-26,19,392,16
-9,24,-26,19,392,16
-8,22,-26,19,392,16
-8,22,-26,19,392,16
-6,20,-27,19,392,16
-6,20,-27,19,392,16
-4,18,-27,19,393,16
-4,18,-27,19,393,16
-2,17,-26,19,393,16
-2,17,-26,19,393,16
-2,17,-26,19,393,16
0,17,-26,20,393,16
0,17,-26,20,393,16
0,17,-26,20,393,16
0,17,-26,20,393,16
0,17,-26,20,393,16
0,17,-26,20,393,16
0,17,-26,20,393,16
0,17,-26,20,393,16
0,17,-26,20,393,16
0,17,-26,20,393,16
0,17,-26,20,393,16
0,17,-26,20,393,16
0,15,-26,20,393,16
0,15,-26,20,393,16
0,15,-26,20,393,16
0,13,-26,21,393,16
0,13,-26,21,393,16
0,11,-26,21,394,16
0,11,-26,21,394,16
0,9,-26,21,394,16
0,9,-26,21,394,16
0,7,-26,21,394,16
0,7,-26,21,394,16
0,5,-26,21,394,16
0,5,-26,21,394,16
0,4,-26,21,394,16
0,4,-26,21,394,16
0,4,-26,21,394,16
0,3,-26,22,394,16
0,3,-26,22,394,16
0,3,-26,22,394,16
0,3,-26,22,394,16
0,3,-26,22,394,16
0,3,-26,22,394,16
0,3,-26,22,394,16
0,3,-26,22,394,16
0,3,-26,23,394,16
0,3,-26,23,394,16
0,3,-26,23,394,16
0,4,-26,23,394,16
0,4,-26,23,394,16
0,4,-26,23,394,16
0,4,-26,23,394,16
0,4,-25,23,394,16
0,4,-25,23,394,16
0,4,-25,23,394,16
0,4,-25,23,394,16
0,4,-25,23,394,16
0,4,-25,24,394,16
0,4,-25,24,394,16
1,4,-25,24,394,16
1,4,-25,24,394,16
3,4,-26,23,394,16
3,4,-26,23,394,16
4,3,-26,23,394,16
4,3,-26,23,394,16
4,1,-26,23,394,16
4,1,-26,23,394,16
2,0,-26,23,394,16
2,0,-26,23,394,16
0,0,-26,23,394,16
0,0,-26,23,394,16
0,0,-26,23,394,16
0,0,-26,23,394,16
0,0,-26,23,394,16
0,0,-26,23,394,16
0,0,-26,23,394,16
0,0,-26,23,394,16
0,0,-26,23,394,16
0,0,-25,23,394,16
0,0,-25,23,394,16
0,0,-25,23,394,16
0,0,-25,23,394,16
0,0,-26,23,394,16
0,0,-26,23,394,16
0,0,-26,23,394,16
0,0,-26,23,394,16
0,0,-26,23,394,16
0,0,-26,23,394,16
0,0,-26,23,394,16
0,0,-26,23,394,15
0,0,-26,23,394,15
0,0,-26,23,394,15
0,0,-26,23,394,15
0,0,-26,23,394,15
0,0,-26,23,394,15
0,0,-26,23,394,16
0,0,-26,23,394,16
0,0,-26,23,394,16
0,0,-26,23,394,16
0,0,-26,23,394,16
0,0,-26,23,394,16
0,0,-26,23,394,16
0,0,-26,23,395,16
0,0,-26,23,395,16
0,0,-26,23,396,16
0,0,-26,23,396,16
0,0,-26,23,397,16
0,0,-26,23,397,16
0,0,-26,23,397,16
0,0,-26,23,397,16
0,0,-26,23,397,16
0,0,-26,23,397,16
0,0,-26,23,397,16
0,0,-26,23,397,16
0,0,-25,23,397,16
0,0,-25,23,397,16
0,0,-25,23,397,16
0,0,-25,23,397,16
0,0,-25,23,397,16
0,0,-25,23,397,16
0,0,-25,23,397,16
0,0,-25,22,397,16
0,0,-25,22,397,16
0,0,-24,23,397,16
0,0,-24,23,397,16
0,0,-23,23,397,16
0,0,-23,23,397,16
2,0,-22,23,397,16
2,0,-22,23,397,16
6,0,-22,23,397,16
6,0,-22,23,397,16
12,0,-21,23,397,16
12,0,-21,23,397,16
12,0,-21,23,397,16
19,1,-21,23,397,16
19,1,-21,23,397,16
24,1,-19,23,397,16
24,1,-19,23,397,16
26,1,-18,23,397,16
26,1,-18,23,397,16
26,1,-18,23,397,16
28,0,-18,23,397,16
28,0,-17,24,397,16
28,0,-17,24,397,16
29,0,-16,24,397,16
29,0,-16,24,397,16
32,0,-15,24,397,16
32,0,-15,24,397,16
32,0,-15,24,397,16
36,0,-14,24,397,16
36,0,-14,24,397,16
38,0,-14,24,397,16
38,0,-14,24,397,16
40,0,-13,24,397,16
40,0,-13,24,397,16
40,0,-12,24,397,16
40,0,-12,24,397,16
40,0,-10,24,397,16
40,0,-10,24,397,16
42,0,-9,24,397,16
42,0,-9,24,397,16
44,0,-9,24,397,16
44,0,-9,24,397,16
44,0,-9,24,397,16
46,0,-7,24,397,16
46,0,-7,24,397,16
47,0,-7,24,397,16
47,0,-7,24,397,16
46,0,-6,24,397,16
46,0,-6,24,397,16
44,2,-4,24,397,16
44,2,-4,24,397,16
42,4,-4,24,397,16
42,4,-4,24,397,16
42,7,-3,24,397,16
42,7,-3,24,397,16
44,9,-3,24,397,16
44,9,-3,24,397,16
44,9,-3,24,397,16
48,9,-2,23,396,16
48,9,-2,23,396,16
53,7,-1,23,396,16
53,7,-1,23,396,16
56,5,-1,23,396,16
56,5,-1,23,396,16
56,3,0,24,396,16
56,3,0,24,396,16
56,3,0,24,396,16
54,1,0,24,396,16
50,1,2,23,396,16
50,1,2,23,396,16
46,3,2,23,396,16
46,3,2,23,396,16
44,5,2,23,396,16
44,5,2,23,396,16
41,7,5,23,397,16
41,7,5,23,397,16
37,8,5,23,397,16
37,8,5,23,397,16
37,8,5,23,397,16
35,8,6,24,397,16
35,8,6,24,397,16
33,6,7,24,397,16
33,6,7,24,397,16
32,4,7,24,397,16
32,4,7,24,397,16
32,2,9,24,398,16
32,2,9,24,398,16
32,2,9,24,398,16
32,2,9,24,398,16
32,2,10,24,398,16
32,2,10,24,398,16
32,0,11,24,398,16
32,0,11,24,398,16
32,0,11,24,398,16
32,0,11,24,398,16
32,0,11,24,398,16
31,0,12,23,398,16
31,0,12,23,398,16
31,0,12,23,398,16
31,0,12,23,398,16
31,0,12,23,398,16
31,0,12,23,398,16
31,0,12,23,399,16
31,0,12,23,399,16
31,0,12,23,399,16
31,0,12,23,399,16
31,0,13,23,399,16
31,0,13,23,399,16
29,0,13,23,399,16
29,0,13,23,399,16
29,0,13,23,399,16
27,0,14,23,400,16
27,0,14,23,400,16
25,0,14,23,400,16
25,0,14,23,400,16
23,0,14,23,400,16
23,0,14,23,400,16
19,0,16,23,400,16
19,0,16,23,400,16
17,0,16,23,400,16
17,0,16,23,400,16
16,0,17,24,400,16
16,0,17,24,400,16
16,0,17,24,400,16
16,0,17,24,400,16
16,0,17,24,400,16
16,0,17,24,400,16
16,0,17,24,400,16
16,0,20,25,401,16
16,0,20,25,401,16
16,0,20,25,401,16
16,0,20,25,401,16
16,0,20,25,401,16
16,0,21,25,401,16
18,0,21,24,402,16
18,0,21,24,402,16
18,0,21,24,402,16
20,0,21,24,402,16
20,0,21,24,402,16
21,0,22,24,403,16
21,0,22,24,403,16
21,0,22,24,403,16
21,0,22,24,403,16
21,0,22,24,403,16
20,-1,23,24,403,16
20,-1,23,24,403,16
18,-3,23,25,403,16
18,-3,23,25,403,16
16,-3,23,25,403,16
16,-3,23,25,403,16
14,-1,24,25,403,16
14,-1,24,25,403,16
12,0,24,25,403,16
12,0,24,25,403,16
10,0,25,25,403,16
10,0,25,25,403,16
8,0,26,25,403,17
8,0,26,25,403,17
7,0,26,25,403,17
7,0,26,25,403,17
7,0,27,24,403,16
7,0,27,24,403,16
7,0,27,24,403,16
8,0,27,24,403,16
8,0,27,24,403,16
10,0,27,24,403,16
10,0,27,24,403,16
12,0,27,25,404,16
12,0,27,25,404,16
13,0,27,25,404,16
13,0,27,25,404,16
12,0,27,24,404,16
12,0,27,24,404,16
12,0,27,24,404,16
10,0,27,24,404,16
8,0,27,24,404,16
8,0,27,24,404,16
8,0,27,24,404,16
6,0,27,24,404,16
6,0,27,24,404,16
4,0,27,24,404,16
4,0,27,24,404,16
2,0,28,24,404,16
2,0,28,24,404,16
1,0,28,24,404,16
1,0,28,24,404,16
1,0,28,24,404,16
1,0,28,24,404,16
1,0,28,24,404,16
1,0,28,24,404,16
1,0,28,24,404,16
1,0,28,24,404,16
1,0,28,24,404,16
0,0,28,24,404,16
0,0,28,24,404,16
0,0,28,24,404,16
0,0,28,24,404,16
0,0,28,24,404,16
0,0,28,24,404,16
0,0,28,24,404,16
0,0,28,24,404,16
0,0,28,24,404,16
0,0,28,24,404,16
0,0,28,24,404,16
0,0,28,24,404,16
0,0,28,24,404,16
0,0,28,24,404,16
0,0,28,24,404,16
0,0,28,25,404,16
0,0,28,25,404,16
0,0,28,25,404,16
0,0,28,25,404,16
0,0,27,25,404,16
0,0,27,25,404,16
0,0,27,25,404,16
0,0,27,25,404,16
0,0,27,25,404,16
0,0,27,25,404,16
0,0,27,25,404,16
0,0,27,25,405,16
0,0,27,25,405,16
0,0,27,25,405,16
0,0,27,25,405,16
0,0,27,25,405,16
0,0,27,25,405,16
0,0,27,25,405,16
0,0,27,25,405,16
0,0,27,25,405,16
0,0,27,25,405,16
0,0,27,25,405,16
0,0,27,25,405,16
0,0,27,26,405,16
0,0,27,26,405,16
0,0,27,25,405,16
0,0,27,25,405,16
0,0,27,25,405,16
0,0,27,25,405,16
0,0,27,25,405,16
0,2,27,25,405,16
0,2,27,25,405,16
0,2,27,25,405,16
0,2,27,25,405,16
0,2,27,25,406,16
0,2,27,25,406,16
0,2,27,25,406,16
0,2,27,25,406,16
0,0,27,25,407,16
0,0,27,25,407,16
0,0,27,25,407,16
0,0,27,25,407,16
0,0,27,25,407,16
0,0,27,25,407,16
0,0,27,25,407,16
0,0,27,24,407,16
0,0,27,24,407,16
0,0,27,25,407,16
0,0,27,25,407,16
0,0,27,24,407,17
0,0,27,24,407,17
0,0,27,24,407,17
0,0,27,24,407,17
0,0,27,24,407,17
0,0,27,24,407,17
0,0,27,24,407,17
0,-2,28,23,408,16
0,-2,28,23,408,16
0,-6,28,23,408,16
0,-6,28,23,408,16
0,-11,28,23,408,17
0,-11,28,23,408,17
0,-15,28,23,408,17
0,-15,28,23,408,17
2,-16,28,22,408,17
2,-16,28,22,408,17
3,-16,28,22,407,16
3,-16,28,22,407,16
3,-15,28,22,407,16
3,-15,28,22,407,16
3,-15,28,22,407,16
3,-13,28,22,407,17
1,-11,28,22,407,17
1,-11,28,22,407,17
1,-11,28,22,407,17
0,-9,27,21,407,17
0,-9,27,21,407,17
0,-7,27,22,408,16
0,-7,27,22,408,16
0,-5,27,21,408,16
0,-5,27,21,408,16
0,-3,27,20,408,16
0,-3,27,20,408,16
0,-1,27,20,408,16
0,-1,27,20,408,16
0,-1,28,21,408,16
0,-1,28,21,408,16
0,0,27,20,408,16
0,0,27,20,408,16
0,0,27,20,408,16
0,0,27,21,408,16
0,0,27,21,408,16
0,-2,27,21,408,17
0,-2,27,21,408,17
0,-4,27,21,408,17
0,-4,27,21,408,17
0,-4,27,21,408,17
0,-4,27,21,408,17
0,-4,27,21,408,17
-1,-4,27,21,408,16
